identifier,distance,component_0,component_1,component_2
test unknown,0.0,-1.2028295,-1.8095853,4.946199
3|Accramycin_13|4,0.6853910684585571,-1.8749065,-1.894482,4.8419595
57|Formicamycin_13|4,0.7140105366706848,-1.5725751,-1.2773503,4.6464906
161|WhiE_12|4,1.1657466888427734,-0.15894546,-1.8341985,4.4278693
165|ZHMpentangular_13|4,1.23604416847229,-0.54455394,-1.1374589,4.144498
143|Sch_12|4,1.4766478538513184,-0.47804797,-1.8057319,3.6596665
38|Cur_12|4,1.6695330142974854,0.021891989,-0.76641816,4.49988
35|Collinone_13|4,1.8968199491500854,0.18121414,-1.1657518,3.8202202
